Variable,n_Pré-crise,n_Post-crise,Moyenne Pré-crise,Écart-type Pré-crise,Moyenne Post-crise,Écart-type Post-crise,Différence (%),Erreur Standard,IC 95% Lower,IC 95% Upper,t-statistic,p-value,Cohen's d,Effet Size,Significatif (p<0.05)
ass_total,1441,6808,20072.56947169327,123071.15596737865,5295.165908955641,63335.15634031268,-73.61988998756243,3331.7142729368234,8247.243587781455,21307.5635376938,4.435375411022781,9.816114751414444e-06,0.1914845971290378,Très petit (<0.2),✅ OUI
ass_trade,1441,6808,7183.54959553116,55758.423499461096,1731.386434816084,26612.298199666962,-75.89789822160942,1503.847575612793,2504.6219125140015,8399.70440891615,3.625475912007511,0.00029757167977994566,0.16237802417659528,Très petit (<0.2),✅ OUI
inc_trade,1441,6808,25.926688599375435,483.05351951898876,8.676253653334314,161.70612742916725,-66.53543463493706,12.875193477169999,-7.984944269212075,42.485814161294314,1.3398194735193067,0.18050577517759836,0.06909775871286786,Très petit (<0.2),❌ NON
in_roa,1441,6808,0.005436758917418459,0.0045327089595247,0.004679300205640423,0.007556568829994893,-13.932173989750874,0.00015048328396284337,0.0004625114752108627,0.0010524059483452087,5.033507322747314,5.067085283333925e-07,0.10635918485416707,Très petit (<0.2),✅ OUI
rt_rwa,1441,6808,0.6122030838034698,0.1767436086544532,0.5985033329453732,0.19944176049494475,-2.2377788058471326,0.005246036522841564,0.0034175192733271378,0.02398198244286607,2.6114478613419956,0.00907494689560824,0.07001518116096618,Très petit (<0.2),✅ OUI
in_roe,1441,6808,0.07311736190145732,0.05434999341497723,0.05365021626028202,0.11435756364010892,-26.624518629941562,0.001992695481750678,0.01556146249694397,0.023372828785406627,9.769252662766354,2.523479885713831e-22,0.18305086020607972,Très petit (<0.2),✅ OUI
in_trade,1441,6808,-0.016409542054129075,0.594638965990504,0.03482489394829613,0.14629231987772384,312.223435812051,0.015764694699569166,-0.08213323761358077,-0.020335634391269643,-3.249947872687023,0.0011802452073850875,-0.18181791496465874,Très petit (<0.2),✅ OUI
